,age,daily_screen_time_hours,social_media_hours,gaming_hours,work_study_hours,sleep_hours,notifications_per_day,app_opens_per_day,weekend_screen_time,addicted_label
count,6681.0,6681.0,6681.0,6681.0,6681.0,6681.0,6681.0,6681.0,6681.0,6681.0
mean,26.580601706331386,7.864861547672504,3.4000898069151324,2.015175871875468,3.2403218081125584,6.744913935039666,134.24427480916032,97.9212692710672,9.61355186349349,0.7944918425385421
std,5.201721933650533,2.5163554072246637,1.594323977123006,1.1467172501749872,1.5991410403972248,1.28537055023991,66.50261953274685,48.35389529051362,2.6236416563737843,0.4041027059756703
min,18.0,3.01,0.5,0.0,0.5,4.5,20.0,15.0,3.63,0.0
25%,22.0,5.92,2.03,1.01,1.84,5.64,76.0,56.0,7.57,1.0
50%,27.0,8.01,3.51,2.05,3.22,6.73,134.0,98.0,9.75,1.0
75%,31.0,10.05,4.79,2.99,4.64,7.86,191.0,140.0,11.75,1.0
max,35.0,12.0,6.0,4.0,6.0,9.0,250.0,180.0,14.88,1.0
